"0","post_title
"
"1"," [1]"
"1"," ""\n\t\t\t\n\t\t\t\t[討論] 黃蜂怎麼了\n\t\t\t\n\t\t\t""                               "
"1","
"
"1"," [2]"
"1"," ""\n\t\t\t\n\t\t\t\t[新聞] 豪神繳26分12籃板 籃網105：114塞爾提克\n\t\t\t\n\t\t\t""    "
"1","
"
"1"," [3]"
"1"," ""\n\t\t\t\n\t\t\t\tRe: [新聞] 龍頭保衛戰 騎士教頭：得第一前不會輪休\n\t\t\t\n\t\t\t"""
"1","
"
"1"," [4]"
"1"," ""\n\t\t\t\n\t\t\t\t[花邊] 神秘力量加持　柯瑞擺脫踝傷有秘辛\n\t\t\t\n\t\t\t""         "
"1","
"
"1"," [5]"
"1"," ""\n\t\t\t\n\t\t\t\t[BOX ] Spurs 98:99 Blazers 數據\n\t\t\t\n\t\t\t""                 "
"1","
"
"1"," [6]"
"1"," ""\n\t\t\t\n\t\t\t\t[BOX ] Jazz 105:99 Warriors 數據\n\t\t\t\n\t\t\t""                "
"1","
"
"1"," [7]"
"1"," ""\n\t\t\t\n\t\t\t\t[討論] 今天勇士第四節的調度\n\t\t\t\n\t\t\t""                     "
"1","
"
"1"," [8]"
"1"," ""\n\t\t\t\n\t\t\t\t[新聞] 柯神復出飆28分沒用　勇士終止14連勝\n\t\t\t\n\t\t\t""       "
"1","
"
"1"," [9]"
"1"," ""\n\t\t\t\n\t\t\t\tRe: [討論]歷史最佳白人球員\n\t\t\t\n\t\t\t""                      "
"1","
"
"1","[10]"
"1"," ""\n\t\t\t\n\t\t\t\t[討論] 本季哪個球隊最主打團隊籃球??\n\t\t\t\n\t\t\t""             "
"1","
"
"1","[11]"
"1"," ""\n\t\t\t\n\t\t\t\t[情報] POPO :快開始採訪 快開始快開始 我餓了\n\t\t\t\n\t\t\t""     "
"1","
"
"1","[12]"
"1"," ""\n\t\t\t\n\t\t\t\t[新聞] 半個菲律賓人克拉克森未來想為菲律賓打球\n\t\t\t\n\t\t\t""   "
"1","
"
"1","[13]"
"1"," ""\n\t\t\t\n\t\t\t\t[情報] NBA Standings(2017.04.11)\n\t\t\t\n\t\t\t""                "
"1","
"
"1","[14]"
"1"," ""\n\t\t\t\n\t\t\t\t[BOX ] Rockets 96:125 Clippers 數據\n\t\t\t\n\t\t\t""             "
"1","
"
"1","[15]"
"1"," ""\n\t\t\t\n\t\t\t\t[新聞] 不爭龍頭了？ 詹皇確定缺席例行賽最終戰\n\t\t\t\n\t\t\t""    "
"1","
"
"1","[16]"
"1"," ""\n\t\t\t\n\t\t\t\t[新聞] 雙星輪休 騎士延長賽不敵熱火讓出東區龍\n\t\t\t\n\t\t\t""    "
"1","
"
"1","[17]"
"1"," ""\n\t\t\t\n\t\t\t\t[情報] 老皮得分榜名次上升\n\t\t\t\n\t\t\t""                       "
"1","
"
"1","[18]"
"1"," ""\n\t\t\t\n\t\t\t\t[情報] Durant看Curry數據：看來我們能一起打球\n\t\t\t\n\t\t\t""    "
"1","
"
"1","[19]"
"1"," ""\n\t\t\t\n\t\t\t\t[新聞] 勇士14連勝中斷 杜蘭特笑稱沒扯柯瑞後腿\n\t\t\t\n\t\t\t""    "
"1","
"
"1","[20]"
"1"," ""\n\t\t\t\n\t\t\t\t[討論]Paul George今日衝突\n\t\t\t\n\t\t\t""                       "
"1","
"
